"...1","Name","startdato","slutdato","party","partyShortname","sex","born","bloc"
0,"Jette Gottlieb",NA,NA,NA,"EL","f","17799","left"
1,"Bruno Jerup","2017-01-01T00:00:00Z","2017-08-31T00:00:00Z","Enhedslisten","EL","m","21092","left"
2,"T√≥rbj√∏rn Jacobsen","2016-10-18T00:00:00Z","2016-12-31T00:00:00Z",NA,"LA","m","29534","right"
3,"Mogens Lykketoft","2000-12-21T00:00:00Z","2001-11-27T00:00:00Z",NA,"S","m","16811","left"
4,"Claus Larsen-Jensen",NA,NA,NA,"S","m","19488","left"
5,"Carina Christensen","2006-12-15T00:00:00Z","2007-11-23T00:00:00Z",NA,"KF","f","26611","right"
6,"Jakob Axel Nielsen",NA,NA,NA,"KF","m","24574","right"
7,"H√ºseyin Arac",NA,NA,NA,"S","m","20743","left"
8,"Jens Christian Lund",NA,NA,NA,"S","m","16610","left"
9,"Lise von Seelen",NA,NA,NA,"S","f","17966","left"
10,"Lone Dybkj√¶r","2007-11-28T00:00:00Z",NA,NA,"RV","f","14754","left"
11,"Rune Lund","2019-10-01T00:00:00Z",NA,NA,"EL","m","28063","left"
12,"Jens Rohde",NA,NA,NA,"RV","m","25676","left"
13,"Poul N√∏dgaard","1994-09-21T00:00:00Z",NA,NA,"DF","m","13483","right"
14,"Christian H. Hansen","2005-02-22T00:00:00Z",NA,NA,"DF","m","23235","right"
15,"Pia Christmas-M√∏ller","1994-09-21T00:00:00Z",NA,NA,"KF","f","22302","right"
16,"S√∏ren Egge Rasmussen",NA,NA,NA,"EL","m","22464","left"
17,"Naser Khader",NA,NA,NA,"KF","m","23193","right"
18,"Lars-Emil Johansen","2005-02-22T00:00:00Z",NA,NA,"g_f","m","17069",NA
19,"Niels Helveg Petersen","1993-01-25T00:00:00Z","2000-12-21T00:00:00Z",NA,"RV","m","14262","left"
20,"S√∏ren Krarup",NA,NA,NA,"DF","m","13852","right"
21,"Jesper Langballe","2002-10-01T00:00:00Z",NA,NA,"DF","m","14488","right"
22,"Per Kaalund","2002-10-01T00:00:00Z",NA,"Socialdemokratiet","S","m","13692","left"
23,"Morten Helveg Petersen","2005-02-23T00:00:00Z",NA,NA,"RV","m","24364","left"
24,"Preben Rudiengaard",NA,NA,NA,"V","m","16190","right"
25,"Lene Hansen",NA,NA,NA,"S","f","17837","left"
26,"Line Barfod","2010-10-06T00:00:00Z",NA,NA,"EL","f","23521","left"
27,"Malou Aamund",NA,NA,NA,"V","f","25412","right"
28,"Marion Pedersen","2010-10-06T00:00:00Z","2011-09-15T00:00:00Z",NA,"V","f","17912","right"
29,"Marlene Harps√∏e",NA,NA,NA,"DD","f","30531","right"
30,"Meta Fuglsang",NA,NA,NA,"SF","f","22120","left"
31,"Mia Falkenberg",NA,NA,NA,"DF","f","30579","right"
32,"Morten Homann","2002-10-01T00:00:00Z",NA,NA,"SF","m","27056","left"
33,"Allan Niebuhr","2006-12-19T00:00:00Z",NA,NA,"KF","m","18872","right"
34,"Nanna Westerby",NA,NA,NA,"SF","f","30874","left"
35,"Niels H√∏iby",NA,NA,NA,"LA","m","15200","right"
36,"Niels Sindal","2002-10-01T00:00:00Z",NA,NA,"S","m","18382","left"
37,"Helle Sjelle","2007-11-28T00:00:00Z",NA,NA,"KF","f","25995","right"
38,"Adam M√∏ller",NA,NA,"Det Konservative Folkeparti","KF","m","3481","right"
39,"Aaja Chemnitz",NA,NA,NA,"g_f","f","28461",NA
40,"Aleqa Hammond","2016-10-04T00:00:00Z",NA,"Nunatta Qitornai","g_f","f","24008",NA
41,"Lea Wermelin",NA,NA,NA,"S","f","31177","left"
42,"Karina Due","2016-10-04T00:00:00Z",NA,NA,"DF","f","24434","right"
43,"Christian Rabjerg Madsen",NA,NA,NA,"S","m","31495","left"
44,"Peter Kofod",NA,NA,NA,"DF","m","32931","right"
45,"Jan Rytkj√¶r Callesen","2016-10-04T00:00:00Z",NA,NA,"DF","m","23133","right"
46,"Carl Holst","2016-10-04T00:00:00Z",NA,NA,"V","m","25687","right"
47,"Erik Christensen","2016-10-04T00:00:00Z",NA,NA,"S","m","21241","left"
48,"Pernille Bendixen","2019-12-03T00:00:00Z","2020-09-30T00:00:00Z",NA,"DF","f","103-1973","right"
49,"Pernille Schnoor","2016-10-04T00:00:00Z",NA,NA,"ALT","f","24492","left"
50,"Maria Reumert Gjerding",NA,NA,NA,"EL","f","28705","left"
51,"Mattias Tesfaye",NA,NA,NA,"S","m","29676","left"
52,"Morten L√∏kkegaard",NA,NA,NA,"V","m","23731","right"
53,"Ulla Sandb√¶k","2016-10-04T00:00:00Z",NA,NA,"ALT","f","15797","left"
54,"Christina Egelund","2016-10-04T00:00:00Z",NA,NA,"M","f","28468","right"
55,"Lise Bech",NA,NA,NA,"DD","f","22540","right"
56,"Torsten Gejl",NA,NA,NA,"ALT","m","23406","left"
57,"Peter Hummelgaard",NA,NA,NA,"S","m","30333","left"
58,"Pelle Dragsted",NA,NA,NA,"EL","m","27497","left"
59,"Carolina Magdalene Maier","2016-10-04T00:00:00Z",NA,"Alternativet","ALT","f","26996","left"
60,"Carsten Bach",NA,NA,"Liberal Alliance","LA","m","27737","right"
61,"Tilde Bork","2016-10-04T00:00:00Z",NA,NA,"DF","f","34184","right"
62,"Claus Kvist Hansen","2016-10-04T00:00:00Z",NA,NA,"DF","m","25105","right"
63,"Britt Bager","2018-10-01T00:00:00Z","2021-09-30T00:00:00Z",NA,"KF","f","27988","right"
64,"Josephine Fock","2016-10-04T00:00:00Z",NA,NA,"ALT","f","23990","left"
65,"S√∏ren Pape Poulsen","2024-02-20T00:00:00Z","2024-03-12T00:00:00Z",NA,"KF","m","26298","right"
66,"Jakob S√∏lvh√∏j",NA,NA,NA,"EL","m","19979","left"
67,"Ren√© Gade","2016-10-04T00:00:00Z",NA,NA,"ALT","m","29982","left"
68,"Karina Adsb√∏l",NA,NA,NA,"DD","f","28092","right"
69,"Ellen Trane N√∏rby","2019-10-01T00:00:00Z",NA,NA,"V","f","29252","right"
70,"Hans Andersen",NA,NA,NA,"V","m","27334","right"
71,"Dan J√∏rgensen",NA,NA,NA,"S","m","27557","left"
72,"Anni Matthiesen",NA,NA,NA,"V","f","23415","right"
73,"Per Clausen","2011-10-07T00:00:00Z",NA,NA,"EL","m","20140","left"
74,"Pernille Rosenkrantz-Theil",NA,NA,NA,"S","f","28142","left"
75,"Jacob Jensen",NA,NA,NA,"V","m","26810","right"
76,"S√∏ren S√∏ndergaard",NA,NA,NA,"EL","m","20317","left"
77,"Michael Aastrup Jensen",NA,NA,"Venstre","V","m","27835","right"
78,"Hans Christian Thoning","2017-03-01T00:00:00Z","2017-05-10T00:00:00Z",NA,"V","m","19044","right"
79,"Peter Juel-Jensen",NA,NA,NA,"V","m","24245","right"
80,"Annette Lind","2023-10-04T00:00:00Z","2023-12-11T00:00:00Z",NA,"S","f","25356","left"
81,"Inger St√∏jberg",NA,NA,NA,"DD","f","26739","right"
82,"Bent B√∏gsted","2022-03-01T00:00:00Z","2022-11-01T00:00:00Z",NA,"DD","m","20458","right"
83,"Lennart Damsbo-Andersen","2022-10-01T00:00:00Z",NA,NA,"S","m","20733","left"
84,"Nadeem Farooq",NA,NA,NA,"RV","m","27977","left"
85,"Julie Skovsby","2019-10-01T00:00:00Z",NA,NA,"S","f","28809","left"
86,"Mai Mercado",NA,NA,NA,"KF","f","29453","right"
87,"Thyra Frank","2014-10-08T00:00:00Z",NA,NA,"LA","f","19124","right"
88,"Zenia Stampe",NA,NA,NA,"RV","f","28944","left"
89,"Fatma √òktem","2019-10-01T00:00:00Z",NA,NA,"V","f","27016","right"
90,"Karsten Nonbo",NA,NA,NA,"V","m","19187","right"
91,"Kristian Pihl Lorentzen","2024-03-21T00:00:00Z","2024-03-21T00:00:00Z",NA,"V","m","22420","right"
92,"Pernille Vigs√∏ Bagge","2011-10-07T00:00:00Z",NA,NA,"SF","f","27398","left"
93,"Mette Gjerskov","2019-10-01T00:00:00Z",NA,NA,"S","f","24316","left"
94,"Anne Baastrup",NA,NA,NA,"SF","f","19091","left"
95,"Karsten H√∏nge",NA,NA,NA,"SF","m","21453","left"
96,"Jane Heitmann","2021-10-06T00:00:00Z",NA,NA,"V","f","25147","right"
97,"Thomas Jensen",NA,NA,NA,"S","m","25860","left"
98,"Jonas Dahl","2015-07-09T00:00:00Z",NA,NA,"SF","m","28547","left"
99,"Troels Lund Poulsen",NA,NA,NA,"V","m","27849","right"
100,"Jakob Ellemann-Jensen","2023-10-03T00:00:00Z","2023-10-23T00:00:00Z",NA,"V","m","26932","right"
101,"Simon Kollerup",NA,NA,NA,"S","m","31552","left"
102,"Camilla Hersom",NA,NA,NA,"RV","f","26125","left"
103,"Birgitte Josefsen","2011-10-07T00:00:00Z",NA,NA,"V","f","18911","right"
104,"J√∏rn Dohrmann","2002-10-01T00:00:00Z",NA,NA,"DF","m","25212","right"
105,"Eyvind Vesselbo","2002-10-01T00:00:00Z",NA,NA,"V","m","17078","right"
106,"Jens Joel",NA,NA,NA,"S","m","28622","left"
107,"Jeppe Bruus",NA,NA,NA,"S","m","28600","left"
108,"J√∏rgen Arbo-B√¶hr",NA,NA,NA,"EL","m","20432","left"
109,"Mikkel Dencker","2016-10-04T00:00:00Z",NA,NA,"DF","m","27718","right"
110,"Lars Christian Lilleholt",NA,NA,NA,"V","m","23803","right"
111,"Lisbeth Bech-Nielsen",NA,NA,NA,"SF","f","30286","left"
112,"Morten B√∏dskov",NA,NA,NA,"S","m","25689","left"
113,"Pia Adelsteen","2016-10-04T00:00:00Z",NA,NA,"DF","f","23265","right"
114,"Henrik H√∏egh","2009-10-07T00:00:00Z","2010-03-01T00:00:00Z",NA,"V","m","19049","right"
115,"Flemming M√∏ller Mortensen",NA,NA,NA,"S","m","23195","left"
116,"Uffe Elb√¶k","2019-10-01T00:00:00Z",NA,NA,"ALT","m","19890","left"
117,"Ole Sohn","2011-08-18T00:00:00Z",NA,NA,"S","m","19979","left"
118,"Manu Sareen","2011-10-03T00:00:00Z","2014-02-03T00:00:00Z","Radikale Venstre","RV","m","24608","left"
119,"Anders Fogh Rasmussen","1996-10-01T00:00:00Z",NA,NA,"V","m","19385","right"
120,"Jeppe Kofod","2019-06-27T00:00:00Z","2022-12-15T00:00:00Z","Socialdemokratiet","S","m","27102","left"
121,"Morten Messerschmidt",NA,NA,NA,"DF","m","29538","right"
122,"Magnus Heunicke",NA,NA,NA,"S","m","27422","left"
123,"Leif Mikkelsen","2018-10-01T00:00:00Z",NA,NA,"LA","m","16645","right"
124,"Orla Hav",NA,NA,NA,"S","m","19087","left"
125,"Edmund Joensen","1996-10-01T00:00:00Z",NA,NA,"g_f","m","16334",NA
126,"Kirsten Brosb√∏l","2016-10-04T00:00:00Z",NA,NA,"S","f","28473","left"
127,"Pia Kj√¶rsgaard",NA,NA,NA,"DF","f","17221","right"
128,"Bjarne Laustsen",NA,NA,NA,"S","m","19702","left"
129,"Poul Andersen","2002-10-01T00:00:00Z",NA,NA,"S","m","19329","left"
130,"Leif Lahn Jensen",NA,NA,NA,"S","m","24652","left"
131,"Esben Lunde Larsen","2016-10-04T00:00:00Z",NA,NA,"V","m","28808","right"
132,"Sj√∫r√∞ur Skaale",NA,NA,NA,"g_f","m","24539",NA
133,"Mette Hjermind Dencker","2021-10-06T00:00:00Z",NA,NA,"DF","f","28634","right"
134,"Rasmus Prehn",NA,NA,NA,"S","m","26833","left"
135,"Eva Kjer Hansen","1996-10-01T00:00:00Z",NA,"Venstre","V","f","23611","right"
136,"Rasmus Horn Langhoff",NA,NA,NA,"S","m","29502","left"
137,"Helle L√∏vgreen M√∏lvig","2015-04-09T00:00:00Z",NA,NA,"RV","f","23344","left"
138,"Claus Hjort Frederiksen","2019-10-01T00:00:00Z",NA,NA,"V","m","17414","right"
139,"Kristian Jensen",NA,NA,NA,"V","m","26074","right"
140,"Ole H√¶kkerup",NA,NA,NA,"S","m","25960","left"
141,"Per Husted",NA,NA,NA,"S","m","24203","left"
142,"Karin Gaardsted",NA,NA,NA,"S","f","20381","left"
143,"Tina Nedergaard","2007-11-27T00:00:00Z",NA,NA,"V","f","25290","right"
144,"Karen J. Klint","2016-10-04T00:00:00Z",NA,NA,"S","f","17446","left"
145,"Finn Thranum","2015-03-26T00:00:00Z",NA,NA,"V","m","20534","right"
146,"Ane Halsboe-J√∏rgensen",NA,NA,NA,"S","f","30440","left"
147,"Torben Hansen","2011-10-07T00:00:00Z",NA,NA,"S","m","23996","left"
148,"Doris Jakobsen",NA,NA,"Siumut","g_f","f","28793",NA
149,"Ulla T√∏rn√¶s","1996-10-01T00:00:00Z",NA,"Venstre","V","f","22893","right"
150,"Maja Panduro",NA,NA,NA,"S","f","30090","left"
151,"Benedikte Ki√¶r","2011-10-07T00:00:00Z",NA,NA,"KF","f","10-12-1069","right"
152,"Anita Christensen",NA,NA,NA,"DF","f","26754","right"
153,"Jacob Lund",NA,NA,NA,"S","m","23816","left"
154,"Jens Ejner Christensen","2014-10-08T00:00:00Z",NA,NA,"V","m","25008","right"
155,"Villy S√∏vndal",NA,NA,NA,"SF","m","19088","left"
156,"Gitte Lillelund Bech","2007-11-27T00:00:00Z",NA,NA,"V","f","25224","right"
157,"Sophie H√¶storp Andersen","2011-10-07T00:00:00Z",NA,NA,"S","f","27298","left"
158,"Henrik Dam Kristensen","2000-02-23T00:00:00Z","2001-11-27T00:00:00Z",NA,"S","m","20851","left"
159,"Lykke Friis","2011-10-07T00:00:00Z",NA,NA,"V","f","25503","right"
160,"Vivi Kier","2007-11-27T00:00:00Z",NA,NA,"KF","m","21358","right"
161,"Jacob Bjerregaard",NA,NA,NA,"S","m","28290","left"
162,"Birthe R√∏nn Hornbech","1996-10-01T00:00:00Z",NA,"Venstre","V","f","15997","right"
163,"Karen Jespersen","2007-09-12T00:00:00Z","2007-11-23T00:00:00Z",NA,"V","f","17184","right"
164,"Daniel Toft Jakobsen","2019-10-01T00:00:00Z",NA,NA,"S","m","28622","left"
165,"Merete Dea Larsen","2016-10-04T00:00:00Z",NA,NA,"DF","f","28599","right"
166,"Kristen Touborg",NA,NA,NA,"SF","m","16033","left"
167,"Kaare Dybvad Bek",NA,NA,NA,"S","m","30899","left"
168,"Jacob Mark",NA,NA,NA,"SF","m","33527","left"
169,"Jeppe Jakobsen","2016-10-04T00:00:00Z",NA,NA,"DF","m","11-08-1088","right"
170,"Marcus Knuth","2019-10-01T00:00:00Z",NA,"Det Konservative Folkeparti","KF","m","27852","right"
171,"Eva Flyvholm","2019-10-01T00:00:00Z",NA,NA,"EL","f","29694","left"
172,"Rasmus Nordqvist","2021-10-06T00:00:00Z","2022-05-03T00:00:00Z",NA,"SF","m","27593","left"
173,"Mette Abildgaard",NA,NA,NA,"KF","f","32428","right"
174,"Trine Torp","2019-10-01T00:00:00Z",NA,NA,"SF","f","25617","left"
175,"May-Britt Kattrup","2016-10-04T00:00:00Z",NA,NA,"LA","f","22980","right"
176,"Jan Erik Messmann","2016-10-04T00:00:00Z",NA,NA,"DF","m","17877","right"
177,"Christian Poll","2016-10-04T00:00:00Z",NA,NA,"ALT","m","23795","left"
178,"Dorthe Ullemose","2016-10-04T00:00:00Z",NA,NA,"DF","f","23644","right"
179,"Roger Courage Matthisen","2015-08-21T00:00:00Z",NA,NA,"ALT","m","27851","left"
180,"Henrik Dahl",NA,NA,"Liberal Alliance","LA","m","21966","right"
181,"Magni Arge","2016-10-18T00:00:00Z","2016-12-31T00:00:00Z",NA,"g_f","m","21899",NA
182,"Kasper Roug",NA,NA,NA,"S","m","29012","left"
183,"Malte Larsen",NA,NA,NA,"S","m","25191","left"
184,"Malou Lunder√∏d",NA,NA,NA,"S","f","31698","left"
185,"Anne Paulin",NA,NA,NA,"S","f","32147","left"
186,"Peder Hvelplund",NA,NA,NA,"EL","m","24723","left"
187,"Lars Aslan Rasmussen","2019-10-01T00:00:00Z",NA,NA,"S","m","28794","left"
188,"Jonathan Simmel",NA,NA,NA,"EL","m","32085","left"
189,"Orla √òsterby",NA,NA,"Uden for folketingsgrupperne","g_f","m","19053",NA
190,"Brigitte Klintskov Jerkel",NA,NA,NA,"KF","f","25405","right"
191,"Kristian Hegaard",NA,NA,NA,"RV","m","33256","left"
192,"Carl Valentin",NA,NA,NA,"SF","m","33674","left"
193,"Mads Fuglede",NA,NA,NA,"DD","m","26168","right"
194,"√òjvind Vilsholm",NA,NA,NA,"EL","m","24626","left"
195,"Tommy Ahlers","2019-10-01T00:00:00Z",NA,NA,"V","m","27716","right"
196,"Carsten Kissmeyer","2019-10-01T00:00:00Z",NA,NA,"V","m","19501","right"
197,"Julius Graakj√¶r Grantzau",NA,NA,NA,"ALT","m","30446","left"
198,"Aki-Matilda H√∏egh-Dam",NA,NA,NA,"g_f","f","35355",NA
199,"Sikandar Siddique","2021-11-12T00:00:00Z",NA,NA,"g_f","m","31689",NA
200,"Susanne Zimmer","2020-10-07T00:00:00Z",NA,NA,"g_f","f","22076",NA
201,"Mai Villadsen",NA,NA,NA,"EL","f","33598","left"
202,"Victoria Velasquez",NA,NA,NA,"EL","f","33437","left"
203,"Kim Valentin",NA,NA,NA,"V","m","23089","right"
204,"Morten Dahlin",NA,NA,NA,"V","m","32629","right"
205,"St√©n Knuth","2022-03-04T00:00:00Z",NA,NA,"V","m","23726","right"
206,"Marlene Ambo-Rasmussen","2019-10-01T00:00:00Z",NA,NA,"V","f","31485","right"
207,"Christoffer Aagaard Melson",NA,NA,NA,"V","m","30910","right"
208,"Heidi Bank",NA,NA,NA,"V","f","26512","right"
209,"Marie Bjerre",NA,NA,NA,"V","f","31538","right"
210,"Anne Honor√© √òstergaard","2019-10-01T00:00:00Z",NA,NA,"V","f","29610","right"
211,"Alex Vanopslagh",NA,NA,NA,"LA","m","33528","right"
212,"Halime Oguz","2023-11-01T00:00:00Z","2023-11-15T00:00:00Z",NA,"SF","f","25734","left"
213,"Ina Str√∏jer-Schmidt","2022-05-04T00:00:00Z",NA,NA,"SF","f","32406","left"
214,"Anne Valentina Berthelsen",NA,NA,NA,"SF","f","34593","left"
215,"Astrid Car√∏e",NA,NA,NA,"SF","f","34527","left"
216,"Charlotte Broman M√∏lb√¶k",NA,NA,NA,"SF","f","28458","left"
217,"Signe Munk",NA,NA,NA,"SF","f","32942","left"
218,"Katarina Ammitzb√∏ll",NA,NA,NA,"KF","f","25399","right"
219,"Birgitte Bergman","2019-10-01T00:00:00Z",NA,NA,"KF","f","24485","right"
220,"Mona Juul",NA,NA,NA,"KF","f","24735","right"
221,"Kasper Sand Kj√¶r","2023-10-04T00:00:00Z","2023-10-31T00:00:00Z",NA,"S","m","32632","left"
222,"Henrik M√∏ller",NA,NA,NA,"S","m","24062","left"
223,"Rasmus Stoklund",NA,NA,NA,"S","m","30758","left"
224,"Bj√∏rn Brandenborg",NA,NA,NA,"S","m","33582","left"
225,"Anders Kronborg",NA,NA,"Socialdemokratiet","S","m","30028","left"
226,"Birgitte Vind",NA,NA,NA,"S","f","23967","left"
227,"Camilla Fabricius",NA,NA,NA,"S","f","26226","left"
228,"Mette Thiesen",NA,NA,NA,"DF","f","29940","right"
229,"Peter Seier Christensen",NA,NA,NA,"NB","m","24836","right"
230,"Pernille Vermund",NA,NA,NA,"NB","f","27731","right"
231,"Lars Boje Mathiesen",NA,NA,NA,"NB","m","27535","right"
232,"Samira Nawa",NA,NA,NA,"RV","f","32232","left"
233,"Stinus Lindgreen",NA,NA,NA,"RV","m","29442","left"
234,"Kathrine Olldag","2019-10-01T00:00:00Z",NA,NA,"RV","f","26653","left"
235,"Anne Sophie Callesen","2019-10-01T00:00:00Z",NA,NA,"RV","f","32502","left"
236,"Katrine Robs√∏e",NA,NA,NA,"RV","f","33410","left"
237,"Tanja Larsson",NA,NA,NA,"S","f","28313","left"
238,"Theresa Berg Andersen",NA,NA,NA,"SF","f","29218","left"
239,"Gitte Willumsen",NA,NA,NA,"KF","f","24515","right"
240,"Susan Kronborg","2022-10-04T00:00:00Z",NA,NA,"RV","f","25024","left"
241,"Maja Torp",NA,NA,NA,"V","f","26850","right"
242,"Kenneth Mikkelsen","2022-06-09T00:00:00Z","2022-06-10T00:00:00Z",NA,"V","m","26157","right"
243,"Anne Rasmussen","2022-09-29T00:00:00Z","2022-09-29T00:00:00Z",NA,"V","f","26037","right"
244,"Christina Thorholm","2022-10-04T00:00:00Z",NA,NA,"RV","f","23600","left"
245,"Kim Aas",NA,NA,NA,"S","m","25734","left"
246,"Maria Gudme","2022-05-17T00:00:00Z",NA,NA,"S","f","32581","left"
247,"Anna Falkenberg",NA,NA,NA,"g_f","f","35068",NA
248,"Nick Zimmermann",NA,NA,NA,"DF","m","34576","right"
249,"Franciska Rosenkilde",NA,NA,NA,"ALT","f","27838","left"
250,"Helene Liliendahl Brydensholt",NA,NA,NA,"ALT","f","31997","left"
251,"Sascha Faxe",NA,NA,NA,"ALT","f","26149","left"
252,"Theresa Scavenius",NA,NA,NA,"ALT","f","30889","left"
253,"Kim Edberg Andersen",NA,NA,NA,"DD","m","26836","right"
254,"Mikkel Bj√∏rn",NA,NA,NA,"DF","m","34991","right"
255,"Lise Bertelsen",NA,NA,NA,"KF","f","27645","right"
256,"Marianne Bigum",NA,NA,NA,"SF","f","30416","left"
257,"Sigurd Agersnap",NA,NA,NA,"SF","m","34030","left"
258,"Sofie Lippert",NA,NA,NA,"SF","f","35053","left"
259,"Fie H√¶kkerup",NA,NA,NA,"S","f","34540","left"
260,"Thomas Monberg",NA,NA,NA,"S","m","27869","left"
261,"Sara Emil Baaring",NA,NA,NA,"S","f","31696","left"
262,"Normann Andersen",NA,NA,"Socialdemokratiet","S","m","7301","left"
263,"Susanne Eilersen","2019-10-30T00:00:00Z","2019-11-15T00:00:00Z","Dansk Folkeparti","DF","f","23613","right"
264,"Colette L. Brix","2002-10-01T00:00:00Z",NA,NA,"DF","f","18451","right"
265,"Irene Simonsen","2002-10-01T00:00:00Z",NA,NA,"V","f","21549","right"
266,"Anita Knakkergaard","2002-10-01T00:00:00Z",NA,NA,"DF","f","17414","right"
267,"Svend Auken","1994-09-27T00:00:00Z","2001-11-27T00:00:00Z",NA,"S","m","15850","left"
268,"Jens Peter Vernersen","2002-10-01T00:00:00Z",NA,NA,"S","m","17290","left"
269,"Thor Pedersen","1996-10-01T00:00:00Z",NA,NA,"V","m","16602","right"
270,"H√∏gni Hoydal","2016-10-04T00:00:00Z",NA,NA,"g_f","m","24194",NA
271,"Jens Kirk","1996-10-01T00:00:00Z",NA,NA,"V","m","15376","right"
272,"S√∏ren Gade",NA,NA,NA,"V","m","23038","right"
273,"Anne-Marie Meldgaard","2009-10-07T00:00:00Z",NA,NA,"S","f","17712","left"
274,"Elisabeth Arnold","2005-03-01T00:00:00Z",NA,NA,"RV","f","15269","left"
275,"Henriette Kj√¶r",NA,NA,NA,"KF","f","24230","right"
276,"Anne Grete Holmsgaard","1986-10-07T00:00:00Z",NA,NA,"SF","f","17756","left"
277,"Connie Hedegaard","2005-02-18T00:00:00Z","2007-11-23T00:00:00Z",NA,"KF","f","22174","right"
278,"Thomas Adelskov",NA,NA,NA,"S","m","23553","left"
279,"Christian Wedell-Neergaard","2005-02-22T00:00:00Z",NA,NA,"KF","m","20644","right"
280,"Britta Schall Holberg",NA,NA,NA,"V","f","15182","right"
281,"Gitte Seeberg",NA,NA,NA,"KF","f","22092","right"
282,"Henrik Brodersen","2016-10-04T00:00:00Z",NA,NA,"DF","m","23531","right"
283,"Charlotte Fischer",NA,NA,NA,"RV","f","23195","left"
284,"Kim Mortensen","2007-11-28T00:00:00Z",NA,"Socialdemokratiet","S","m","23379","left"
285,"Johs. Poulsen",NA,NA,NA,"RV","m","20395","left"
286,"Bente Dahl","2010-10-06T00:00:00Z","2011-09-15T00:00:00Z",NA,"RV","f","16901","left"
287,"Tina Petersen","2010-10-06T00:00:00Z","2011-09-15T00:00:00Z",NA,"DF","f","24092","right"
288,"Vibeke Grave",NA,NA,NA,"S","f","21216","left"
289,"Bj√∏rn Medom Nielsen",NA,NA,NA,"S","m","20522","left"
290,"J√∏rgen S. Lundsgaard",NA,NA,NA,"KF","m","16619","right"
291,"Ib Poulsen","2016-10-04T00:00:00Z",NA,NA,"DF","m","23775","right"
292,"Tage Leegaard","2010-10-06T00:00:00Z","2011-09-15T00:00:00Z",NA,"KF","m","20033","right"
293,"Knud Kristensen","2009-10-07T00:00:00Z","2010-01-07T00:00:00Z",NA,"KF","m","19517","right"
294,"J√∏rgen Poulsen","2007-11-27T00:00:00Z",NA,NA,"RV","m","15892","left"
295,"Flemming Bonne",NA,NA,"Socialistisk Folkeparti","SF","m","16339","left"
296,"Anne Marie Geisler Andersen",NA,NA,NA,"RV","f","29691","left"
297,"Henrik Rasmussen",NA,NA,NA,"KF","m","26194","right"
298,"Ole Glahn",NA,NA,NA,"RV","m","17244","left"
299,"Ole Vagn Christensen","2002-10-01T00:00:00Z",NA,NA,"S","m","15854","left"
300,"Helge Sander","1996-10-01T00:00:00Z",NA,NA,"V","m","18502","right"
301,"Julie Rademacher",NA,NA,NA,"S","f","30786","left"
302,"Per Bisgaard","2010-10-06T00:00:00Z","2010-10-26T00:00:00Z",NA,"V","m","20301","right"
303,"Per Dalgaard","2002-10-01T00:00:00Z",NA,NA,"DF","m","16119","right"
304,"Per √òrum J√∏rgensen","2007-11-27T00:00:00Z",NA,NA,"KF","m","25911","right"
305,"Poul Erik Christensen",NA,NA,NA,"RV","m","15839","left"
306,"Poul Henrik Hedeboe",NA,NA,NA,"SF","m","16995","left"
307,"Rasmus Jarlov",NA,NA,NA,"KF","m","28244","right"
308,"Ren√© Skau Bj√∂rnsson","2002-10-01T00:00:00Z",NA,NA,"S","m","24517","left"
309,"Rikke Hvilsh√∏j",NA,NA,"Venstre","V","f","25693","right"
310,"Bendt Bendtsen",NA,NA,NA,"KF","m","19808","right"
311,"Karl H. Bornh√∏ft",NA,NA,NA,"SF","m","18099","left"
312,"Laura Lindahl","2016-10-04T00:00:00Z","2016-12-31T00:00:00Z",NA,"LA","f","30506","right"
313,"Walter Christophersen",NA,NA,NA,"DF","m","18791","right"
314,"Yildiz Akdogan","2016-10-04T00:00:00Z",NA,NA,"S","f","26783","left"
315,"Flemming Hansen","1994-09-21T00:00:00Z",NA,NA,"KF","m","14466","right"
316,"Kamal Qureshi",NA,NA,NA,"SF","m","25778","left"
317,"Ulrik Kragh","2002-10-01T00:00:00Z",NA,NA,"V","m","25582","right"
318,"Torben Lund","1993-01-25T00:00:00Z","1994-09-27T00:00:00Z","Socialdemokratiet","S","m","18573","left"
319,"Kenneth Kristensen Berth","2016-10-04T00:00:00Z",NA,NA,"DF","m","28159","right"
320,"Daniel Rugholm",NA,NA,NA,"KF","m","30192","right"
321,"Per Larsen",NA,NA,NA,"KF","m","23920","right"
322,"Helge Vagn Jacobsen","2015-04-08T00:00:00Z","2015-04-08T00:00:00Z",NA,"RV","m","23189","left"
323,"Frederik Vad",NA,NA,NA,"S","m","34578","left"
324,"Matilde Powers",NA,NA,NA,"S","f","30049","left"
325,"Thomas Skriver Jensen",NA,NA,NA,"S","m","35151","left"
326,"Kris Jensen Skriver",NA,NA,NA,"S","m","32457","left"
327,"Maria Durhuus",NA,NA,NA,"S","f","28393","left"
328,"Helle Bonnesen",NA,NA,"Det Konservative Folkeparti","KF","f","23052","right"
329,"Christina Olumeko",NA,NA,NA,"ALT","f","35395","left"
330,"Linea S√∏gaard-Lidell",NA,NA,NA,"V","f","31866","right"
331,"Betina Kastbjerg",NA,NA,NA,"DD","f","26262","right"
332,"Susie Jessen",NA,NA,NA,"DD","f","31099","right"
333,"Kenneth Fredslund Petersen",NA,NA,NA,"DD","m","23825","right"
334,"Charlotte Munch",NA,NA,NA,"DD","f","24631","right"
335,"Kristian B√∏gsted",NA,NA,NA,"DD","m","30260","right"
336,"Henrik Frandsen",NA,NA,NA,"M","m","22320","right"
337,"Rosa Eriksen",NA,NA,NA,"M","f","32930","right"
338,"Tobias Grotkj√¶r Elmstr√∏m",NA,NA,NA,"M","m","30144","right"
339,"Monika Rubin",NA,NA,NA,"M","f","32131","right"
340,"Karin Liltorp",NA,NA,NA,"M","f","26425","right"
341,"Mette Kierkgaard",NA,NA,NA,"M","f","26363","right"
342,"Jeppe S√∏e",NA,NA,"Moderaterne","M","m","25983","right"
343,"Nanna W. Gotfredsen",NA,NA,"Moderaterne","M","f","25273","right"
344,"Charlotte Bagge Hansen",NA,NA,NA,"M","f","25412","right"
345,"Rasmus Lund-Nielsen",NA,NA,NA,"M","m","32437","right"
346,"Jon Stephensen",NA,NA,"Uden for folketingsgrupperne","g_f","m","21908",NA
347,"Peter Have",NA,NA,NA,"M","m","23279","right"
348,"Mike Villa Fonseca",NA,NA,NA,"g_f","m","34820",NA
349,"S√≥lbj√∏rg Jakobsen",NA,NA,NA,"LA","f","33458","right"
350,"Lars-Christian Brask",NA,NA,NA,"LA","m","23156","right"
351,"Katrine Daugaard",NA,NA,NA,"LA","f","29860","right"
352,"Steffen W. Fr√∏lund",NA,NA,NA,"LA","m","30878","right"
353,"Alexander Ryle",NA,NA,NA,"LA","m","33163","right"
354,"Jens Meilvang",NA,NA,NA,"LA","m","29678","right"
355,"Steffen Larsen",NA,NA,NA,"LA","m","30655","right"
356,"Helena Artmann Andresen",NA,NA,NA,"LA","f","37160","right"
357,"Louise Brown",NA,NA,NA,"LA","f","29509","right"
358,"Sandra Elisabeth Skalvig",NA,NA,NA,"LA","f","33155","right"
359,"Mohammad Rona",NA,NA,NA,"M","m","31057","right"
360,"Gunvor Wibroe",NA,NA,NA,"S","m","26354","left"
361,"Dina Raabjerg",NA,NA,NA,"KF","f","25970","right"
362,"Frank Aaen","2022-07-01T00:00:00Z",NA,NA,"EL","m","18834","left"
363,"Nicolai Wammen",NA,NA,NA,"S","m","25971","left"
364,"Sara Olsvig",NA,NA,NA,"g_f","f","28759",NA
365,"Christine Antorini","2016-10-04T00:00:00Z",NA,NA,"S","f","23885","left"
366,"Alex Ahrendtsen",NA,NA,NA,"DF","m","24517","right"
367,"Bjarne Corydon",NA,NA,NA,"S","m","26724","left"
368,"Karsten Lauritzen","2021-04-14T00:00:00Z",NA,NA,"V","m","30603","right"
369,"Henrik Sass Larsen","2018-10-01T00:00:00Z","2019-09-03T00:00:00Z",NA,"S","m","24256","left"
370,"Holger K. Nielsen","1994-09-21T00:00:00Z",NA,NA,"SF","m","18376","left"
371,"S√∏ren Espersen",NA,NA,NA,"DD","m","19560","right"
372,"Astrid Krag",NA,NA,NA,"S","f","30272","left"
373,"Christian Juhl","2022-10-05T00:00:00Z",NA,NA,"EL","m","19414","left"
374,"Pia Olsen Dyhr",NA,NA,NA,"SF","f","26267","left"
375,"Henning Hyllested","2022-03-01T00:00:00Z","2022-11-01T00:00:00Z",NA,"EL","m","19783","left"
376,"Karen H√¶kkerup",NA,NA,NA,"S","f","27192","left"
377,"Peter Skaarup",NA,NA,NA,"DD","m","23498","right"
378,"Erling Bonnesen",NA,NA,NA,"V","m","20176","right"
379,"Liselott Blixt","2021-10-06T00:00:00Z","2022-02-19T00:00:00Z",NA,"DF","f","23795","right"
380,"Marianne Jelved","2019-10-01T00:00:00Z",NA,NA,"RV","f","15954","left"
381,"Karin N√∏dgaard","2016-10-04T00:00:00Z",NA,NA,"DF","f","24117","right"
382,"Jakob Engel-Schmidt",NA,NA,NA,"M","m","30613","right"
383,"Rasmus Helveg Petersen","2020-10-07T00:00:00Z",NA,NA,"RV","m","25006","left"
384,"Annette Vilhelmsen","2014-11-08T00:00:00Z",NA,NA,"SF","f","21847","left"
385,"Flemming Damgaard Larsen","2014-10-08T00:00:00Z",NA,NA,"V","m","18697","right"
386,"Nick H√¶kkerup","2019-10-01T00:00:00Z",NA,NA,"S","m","24931","left"
387,"Nikolaj Villumsen","2016-10-04T00:00:00Z",NA,NA,"EL","m","30375","left"
388,"Pernille Skipper","2019-10-01T00:00:00Z",NA,NA,"EL","f","30873","left"
389,"Martin Henriksen","2016-10-04T00:00:00Z",NA,NA,"DF","m","29245","right"
390,"Tom Behnke","1994-09-21T00:00:00Z",NA,NA,"KF","m","24186","right"
391,"Karen Ellemann","2018-10-01T00:00:00Z",NA,NA,"V","f","25441","right"
392,"Merete Riisager","2016-10-04T00:00:00Z",NA,NA,"LA","f","27820","right"
393,"Mette Reissmann",NA,NA,NA,"S","f","23288","left"
394,"Jeppe Mikkelsen",NA,NA,NA,"RV","m","33270","left"
395,"Kristian Thulesen Dahl","1994-09-21T00:00:00Z",NA,NA,"DF","m","25414","right"
396,"Marie Krarup","2019-10-30T00:00:00Z","2019-11-15T00:00:00Z",NA,"DF","f","24082","right"
397,"Christian Langballe","2020-06-09T00:00:00Z","2020-06-26T00:00:00Z",NA,"DF","m","24489","right"
398,"Torsten Schack Pedersen",NA,NA,NA,"V","m","27937","right"
399,"Mads R√∏rvig","2010-10-06T00:00:00Z","2011-09-15T00:00:00Z",NA,"V","m","31239","right"
400,"Hans Kristian Skibby",NA,NA,NA,"DD","m","25221","right"
401,"Brian Mikkelsen",NA,NA,"Det Konservative Folkeparti","KF","m","24138","right"
402,"Troels Ravn","2022-03-01T00:00:00Z","2022-11-01T00:00:00Z",NA,"S","m","22495","left"
403,"√ñzlem Sara Cekic","2011-10-07T00:00:00Z",NA,NA,"SF","f","27887","left"
404,"Marlene Borst Hansen","2011-10-07T00:00:00Z","2012-03-04T00:00:00Z","Radikale Venstre","RV","f","27244","left"
405,"Finn S√∏rensen","2016-10-04T00:00:00Z",NA,NA,"EL","m","17164","left"
406,"Martin Geertsen","2019-10-01T00:00:00Z",NA,NA,"V","m","25643","right"
407,"Carsten Hansen","2022-06-01T00:00:00Z",NA,"Socialdemokratiet","S","m","20830","left"
408,"Louise Elholm",NA,NA,NA,"V","f","28424","right"
409,"Peter Christensen","2015-09-30T00:00:00Z","2016-11-28T00:00:00Z",NA,"V","m","27507","right"
410,"Steen Gade","1994-09-21T00:00:00Z",NA,NA,"SF","m","16536","left"
411,"Mike Legarth","2010-10-06T00:00:00Z","2011-09-15T00:00:00Z",NA,"KF","m","21998","right"
412,"Jesper Petersen",NA,NA,NA,"S","m","29823","left"
413,"Ren√© Christensen",NA,NA,NA,"DF","m","25872","right"
414,"Ole Birk Olesen",NA,NA,NA,"LA","m","26654","right"
415,"Sofie Carsten Nielsen","2022-03-01T00:00:00Z","2023-04-30T00:00:00Z",NA,"RV","f","27538","left"
416,"Morten Marinus","2016-10-04T00:00:00Z",NA,NA,"DF","m","28439","right"
417,"Jan E. J√∏rgensen",NA,NA,NA,"V","m","23792","right"
418,"Anne Sina",NA,NA,NA,"S","f","31870","left"
419,"Margrethe Vestager","1998-03-23T00:00:00Z","2000-12-21T00:00:00Z",NA,"RV","f","24941","left"
420,"Charlotte Dyremose","2002-10-01T00:00:00Z",NA,NA,"KF","f","28407","right"
421,"Trine Pertou Mach",NA,NA,NA,"EL","f","25485","left"
422,"Rosa Lund",NA,NA,NA,"EL","f","31750","left"
423,"Joachim B. Olsen","2016-10-04T00:00:00Z",NA,NA,"LA","m","28276","right"
424,"Lotte Rod",NA,NA,NA,"RV","f","31208","left"
425,"Jens Henrik Thulesen Dahl",NA,NA,NA,"DD","m","22482","right"
426,"Morten √òstergaard","2019-10-01T00:00:00Z",NA,NA,"RV","m","27928","left"
427,"Simon Emil Ammitzb√∏ll-Bille","2019-10-01T00:00:00Z",NA,NA,"LA","m","28418","right"
428,"Trine Bramsen",NA,NA,NA,"S","f","29671","left"
429,"Dennis Flydtkj√¶r",NA,NA,NA,"DD","m","28562","right"
430,"Benny Engelbrecht",NA,NA,NA,"S","m","25784","left"
431,"Karina Lorentzen Dehnhardt",NA,NA,NA,"SF","f","26963","left"
432,"Stine Brix","2016-10-04T00:00:00Z","2017-02-28T00:00:00Z",NA,"EL","f","30044","left"
433,"Andreas Steenberg","2021-04-14T00:00:00Z",NA,NA,"RV","m","30519","left"
434,"Kim Christiansen","2016-10-04T00:00:00Z",NA,NA,"DF","m","20712","right"
435,"Hans Christian Schmidt",NA,NA,NA,"V","m","19596","right"
436,"Kim Andersen",NA,NA,NA,"V","m","21110","right"
437,"Preben Bang Henriksen",NA,NA,NA,"V","m","19766","right"
438,"Bertel Haarder","1996-10-01T00:00:00Z",NA,"Venstre","V","m","16322","right"
439,"Sophie L√∏hde",NA,NA,NA,"V","f","30570","right"
440,"Lene Espersen",NA,NA,NA,"KF","f","24011","right"
441,"S√∏ren Pind",NA,NA,NA,"V","m","25527","right"
442,"John Dyrby Paulsen",NA,NA,NA,"S","m","23204","left"
443,"Christian Friis Bach",NA,NA,NA,"RV","m","24226","left"
444,"Mette Bock","2016-10-04T00:00:00Z",NA,NA,"LA","f","21027","right"
445,"Mette Frederiksen",NA,NA,NA,"S","f","28448","left"
446,"Thomas Danielsen",NA,NA,NA,"V","m","30491","right"
447,"Martin Lidegaard",NA,NA,NA,"RV","m","24453","left"
448,"Helle Thorning-Schmidt","2011-10-03T00:00:00Z","2015-06-28T00:00:00Z",NA,"S","f","24455","left"
449,"Lars L√∏kke Rasmussen",NA,NA,NA,"M","m","23512","right"
450,"Johanne Schmidt-Nielsen","2016-10-04T00:00:00Z",NA,NA,"EL","f","30734","left"
451,"Anders Samuelsen","2016-11-28T00:00:00Z","2019-06-27T00:00:00Z","Liberal Alliance","LA","m","24685","right"
452,"Lars Barfoed","2005-02-18T00:00:00Z","2006-12-14T00:00:00Z","Det Konservative Folkeparti","KF","m","21005","right"
453,"Ida Auken",NA,NA,NA,"S","f","28602","left"
454,"Per Stig M√∏ller","1994-09-21T00:00:00Z",NA,NA,"KF","m","15580","right"
455,"Mogens Jensen",NA,NA,NA,"S","m","23315","left"
456,"Villum Christensen","2018-10-01T00:00:00Z","2020-09-30T00:00:00Z",NA,"LA","m","19936","right"
457,"Lone Loklindt",NA,NA,NA,"RV","f","22022","left"
458,"Eigil Andersen","2014-10-08T00:00:00Z","2014-10-12T00:00:00Z","Socialistisk Folkeparti","SF","m","19443","left"
459,"Lars Dohn",NA,NA,NA,"EL","m","18348","left"
460,"Jan Johansen","2021-10-06T00:00:00Z",NA,NA,"S","m","20435","left"
461,"Liv Holm Andersen","2011-10-07T00:00:00Z",NA,NA,"RV","f","31905","left"
